{"deviceOrientation":"landscapeRight","networkTimeout":{"request":5000,"connectSocket":5000,"uploadFile":5000,"downloadFile":500000},"subpackages":[{"name":"base_rYJNbq","root":"src/subpackages/base_e26f9e873e55b70a20d2202b211edcad.js"},{"name":"global-chunk_feEF7n","root":"src/subpackages/global-chunk_91e60b28c3944a24a486726e3e8b5b39.js"},{"name":"global-chunk_bU7b6n","root":"src/subpackages/global-chunk_59cb8362f720220ae11d4012e8372ed8.js"},{"name":"global-chunk_JzMNri","root":"src/subpackages/global-chunk_5f005c51e1167988a5568b9251002e14.js"},{"name":"global-chunk_aMf2ae","root":"src/subpackages/global-chunk_dcf7b31c0e796f0340c80c0c3b6b545a.js"},{"name":"global-chunk_Qnamye","root":"src/subpackages/global-chunk_0900d55c86c932d1a1cc3367dd13142c.js"},{"name":"global-chunk_Anaiiu","root":"src/subpackages/global-chunk_58eecb2a041c48eecfac5e0fc72580ca.js"},{"name":"global-chunk_IrQjIf","root":"src/subpackages/global-chunk_2642bb638ea7e4ca306e512335629cea.js"},{"name":"global-chunk_2yAbyy","root":"src/subpackages/global-chunk_90244e3daac27ff3ffb162f51ca2eba8.js"},{"name":"global-chunk_m6Rrqy","root":"src/subpackages/global-chunk_ddff8eec87289bbd14d761de89d6af23.js"},{"name":"global-chunk_bmiE7b","root":"src/subpackages/global-chunk_3a50b7363dab4e5bd2a03a7aae4d07a9.js"},{"name":"global-chunk_EbaEnq","root":"src/subpackages/global-chunk_11872b7a3760c73fe8d35286e59b3e20.js"},{"name":"global-chunk_2meyiu","root":"src/subpackages/global-chunk_f3d6059ae01b96f812bb30b01199849a.js"},{"name":"global_ZneIfi","root":"src/subpackages/global_20176c50569a7508001f9a3db0c7142e.js"},{"name":"md5","root":"src/subpackages/md5_4a0c0a7a0a69a7cdda928d51c4b955e2.js"},{"name":"zlib","root":"src/subpackages/zlib_f0e4e9d49301954f16087a229228aa91.js"}]}